{"state_mean": [0.6014763605035619, 0.03878070701759407, 0.14273815687446473, 0.39912766113473497, -0.0016987599584271198, 0.03468809252800331], "state_std": [0.03900296565788884, 0.07730797745476715, 0.10164670441521712, 0.2231002981852912, 0.09698187615331458, 0.4353255834119292]}